{"ECG5000": {"l2": {"best_params": {"sr": 1.35, "lr": 0.5700000000000001, "scale_i": 0.1, "reg_param": 1.0}, "max_acc": 0.9249999999999999}, "smoothl1": {"best_params": {"sr": 1.1500000000000001, "lr": 0.79, "scale_i": 0.1, "reg_param": 1.0}, "max_acc": 0.9166666666666666}}}