{"mg": {"none": {"best_params": {"sr": 0.9000000000000001, "lr": 0.67, "scale_i": 0.1, "reg_param": 1.0}, "min_e": 0.038613284223330456}, "l2": {"best_params": {"sr": 1.2500000000000002, "lr": 0.59, "scale_i": 1.0, "reg_param": 1.0}, "min_e": 0.0857537573862102}, "smoothl1": {"best_params": {"sr": 1.7500000000000002, "lr": 0.09, "scale_i": 10.0, "reg_param": 1.0}, "min_e": 0.09892187948588806}}}